date,store_nbr,family,sales_pred,scenario
2017-01-01,44,HOME APPLIANCES,1.1700995617558658,no_promo
2017-01-01,40,HOME APPLIANCES,0.2051796916850235,no_promo
2017-01-01,54,HOME APPLIANCES,0.1789134642621017,no_promo
2017-01-01,5,HOME APPLIANCES,0.4193976269664804,no_promo
2017-01-01,31,HOME APPLIANCES,0.621492017735624,no_promo
2017-01-01,12,HOME APPLIANCES,0.31433271963875353,no_promo
2017-01-01,37,HOME APPLIANCES,0.49819630765927225,no_promo
2017-01-01,34,HOME APPLIANCES,0.5164271096199102,no_promo
2017-01-01,44,HOME APPLIANCES,1.9187642370015654,with_promo
2017-01-01,40,HOME APPLIANCES,0.9538443669307232,with_promo
2017-01-01,54,HOME APPLIANCES,0.9275781395078013,with_promo
2017-01-01,5,HOME APPLIANCES,1.16806230221218,with_promo
2017-01-01,31,HOME APPLIANCES,1.3701566929813236,with_promo
2017-01-01,12,HOME APPLIANCES,1.0629973948844529,with_promo
2017-01-01,37,HOME APPLIANCES,1.246860982904972,with_promo
2017-01-01,34,HOME APPLIANCES,1.2650917848656098,with_promo
2017-01-02,44,HOME APPLIANCES,1.375072379270334,no_promo
2017-01-02,40,HOME APPLIANCES,0.04461191089093303,no_promo
2017-01-02,54,HOME APPLIANCES,0.023986377720746688,no_promo
2017-01-02,5,HOME APPLIANCES,0.3237363596682143,no_promo
2017-01-02,31,HOME APPLIANCES,0.5558898547484283,no_promo
2017-01-02,12,HOME APPLIANCES,0.12909142851824065,no_promo
2017-01-02,37,HOME APPLIANCES,0.4332700956362474,no_promo
2017-01-02,34,HOME APPLIANCES,0.18101008723443837,no_promo
2017-01-02,44,HOME APPLIANCES,2.2762818160799085,with_promo
2017-01-02,40,HOME APPLIANCES,0.9458213477005075,with_promo
2017-01-02,54,HOME APPLIANCES,0.9251958145303211,with_promo
2017-01-02,5,HOME APPLIANCES,1.2249457964777886,with_promo
2017-01-02,31,HOME APPLIANCES,1.4570992915580026,with_promo
2017-01-02,12,HOME APPLIANCES,1.0303008653278152,with_promo
2017-01-02,37,HOME APPLIANCES,1.334479532445822,with_promo
2017-01-02,34,HOME APPLIANCES,1.082219524044013,with_promo
2017-01-03,44,HOME APPLIANCES,1.1207149890620416,no_promo
2017-01-03,40,HOME APPLIANCES,0.06872700414116378,no_promo
2017-01-03,54,HOME APPLIANCES,0.0207034796948829,no_promo
2017-01-03,5,HOME APPLIANCES,0.26040421264193725,no_promo
2017-01-03,31,HOME APPLIANCES,0.31316327861306975,no_promo
2017-01-03,12,HOME APPLIANCES,0.12562206126088146,no_promo
2017-01-03,37,HOME APPLIANCES,0.28263023167194856,no_promo
2017-01-03,34,HOME APPLIANCES,0.410126720080345,no_promo
2017-01-03,44,HOME APPLIANCES,2.0219244258716156,with_promo
2017-01-03,40,HOME APPLIANCES,0.969936440950738,with_promo
2017-01-03,54,HOME APPLIANCES,0.9219129165044573,with_promo
2017-01-03,5,HOME APPLIANCES,1.1616136494515117,with_promo
2017-01-03,31,HOME APPLIANCES,1.2143727154226442,with_promo
2017-01-03,12,HOME APPLIANCES,1.026831498070456,with_promo
2017-01-03,37,HOME APPLIANCES,1.1838396684815229,with_promo
2017-01-03,34,HOME APPLIANCES,1.3113361568899191,with_promo
2017-01-04,44,HOME APPLIANCES,1.3456327244303705,no_promo
2017-01-04,40,HOME APPLIANCES,0.065334624188944,no_promo
2017-01-04,54,HOME APPLIANCES,0.04346078389590033,no_promo
2017-01-04,5,HOME APPLIANCES,0.2871227340095366,no_promo
2017-01-04,31,HOME APPLIANCES,0.42617267203686177,no_promo
2017-01-04,12,HOME APPLIANCES,0.12215975534685089,no_promo
2017-01-04,37,HOME APPLIANCES,0.3359438906800373,no_promo
2017-01-04,34,HOME APPLIANCES,0.3957004865810203,no_promo
2017-01-04,44,HOME APPLIANCES,2.246842161239945,with_promo
2017-01-04,40,HOME APPLIANCES,0.9665440609985183,with_promo
2017-01-04,54,HOME APPLIANCES,0.9446702207054747,with_promo
2017-01-04,5,HOME APPLIANCES,1.1883321708191108,with_promo
2017-01-04,31,HOME APPLIANCES,1.3273821088464364,with_promo
2017-01-04,12,HOME APPLIANCES,1.0233691921564252,with_promo
2017-01-04,37,HOME APPLIANCES,1.2371533274896116,with_promo
2017-01-04,34,HOME APPLIANCES,1.2969099233905945,with_promo
2017-01-05,44,HOME APPLIANCES,1.1167264081385335,no_promo
2017-01-05,40,HOME APPLIANCES,0.06244506725880017,no_promo
2017-01-05,54,HOME APPLIANCES,0.04017627477404751,no_promo
2017-01-05,5,HOME APPLIANCES,0.24952524952261435,no_promo
2017-01-05,31,HOME APPLIANCES,0.358812949699091,no_promo
2017-01-05,12,HOME APPLIANCES,0.2087673470249559,no_promo
2017-01-05,37,HOME APPLIANCES,0.5388146987357513,no_promo
2017-01-05,34,HOME APPLIANCES,0.33286786451839806,no_promo
2017-01-05,44,HOME APPLIANCES,2.0179358449481075,with_promo
2017-01-05,40,HOME APPLIANCES,0.9636545040683745,with_promo
2017-01-05,54,HOME APPLIANCES,0.9413857115836219,with_promo
2017-01-05,5,HOME APPLIANCES,1.1507346863321888,with_promo
2017-01-05,31,HOME APPLIANCES,1.2600223865086653,with_promo
2017-01-05,12,HOME APPLIANCES,1.1099767838345302,with_promo
2017-01-05,37,HOME APPLIANCES,1.4400241355453258,with_promo
2017-01-05,34,HOME APPLIANCES,1.2340773013279724,with_promo
2017-01-06,44,HOME APPLIANCES,1.465814153418227,no_promo
2017-01-06,40,HOME APPLIANCES,0.23786041201882557,no_promo
2017-01-06,54,HOME APPLIANCES,0.036513152178358585,no_promo
2017-01-06,5,HOME APPLIANCES,0.42560489091984205,no_promo
2017-01-06,31,HOME APPLIANCES,0.3554813279593939,no_promo
2017-01-06,12,HOME APPLIANCES,0.23569165822957436,no_promo
2017-01-06,37,HOME APPLIANCES,0.3513336415613165,no_promo
2017-01-06,34,HOME APPLIANCES,0.35154341944674883,no_promo
2017-01-06,44,HOME APPLIANCES,2.3670235902278014,with_promo
2017-01-06,40,HOME APPLIANCES,1.1390698488284001,with_promo
2017-01-06,54,HOME APPLIANCES,0.937722588987933,with_promo
2017-01-06,5,HOME APPLIANCES,1.3268143277294167,with_promo
2017-01-06,31,HOME APPLIANCES,1.2566907647689685,with_promo
2017-01-06,12,HOME APPLIANCES,1.1369010950391485,with_promo
2017-01-06,37,HOME APPLIANCES,1.2525430783708908,with_promo
2017-01-06,34,HOME APPLIANCES,1.2527528562563233,with_promo
2017-01-07,44,HOME APPLIANCES,1.5729089031066192,no_promo
2017-01-07,40,HOME APPLIANCES,0.2276883782851023,no_promo
2017-01-07,54,HOME APPLIANCES,0.28984216764055737,no_promo
2017-01-07,5,HOME APPLIANCES,0.44282437462410656,no_promo
2017-01-07,31,HOME APPLIANCES,0.5785142685834836,no_promo
2017-01-07,12,HOME APPLIANCES,0.37580283455396374,no_promo
2017-01-07,37,HOME APPLIANCES,0.5261333207762168,no_promo
2017-01-07,34,HOME APPLIANCES,0.6376246968003264,no_promo
2017-01-07,44,HOME APPLIANCES,2.3215735783523184,with_promo
2017-01-07,40,HOME APPLIANCES,0.9763530535308019,with_promo
2017-01-07,54,HOME APPLIANCES,1.0385068428862572,with_promo
2017-01-07,5,HOME APPLIANCES,1.1914890498698063,with_promo
2017-01-07,31,HOME APPLIANCES,1.3271789438291832,with_promo
2017-01-07,12,HOME APPLIANCES,1.1244675097996635,with_promo
2017-01-07,37,HOME APPLIANCES,1.2747979960219165,with_promo
2017-01-07,34,HOME APPLIANCES,1.386289372046026,with_promo
2017-01-08,44,HOME APPLIANCES,1.4161433895972095,no_promo
2017-01-08,40,HOME APPLIANCES,0.2245806908763078,no_promo
2017-01-08,54,HOME APPLIANCES,0.2558673425842124,no_promo
2017-01-08,5,HOME APPLIANCES,0.5442416107268336,no_promo
2017-01-08,31,HOME APPLIANCES,0.6053180640108258,no_promo
2017-01-08,12,HOME APPLIANCES,0.2823834905743468,no_promo
2017-01-08,37,HOME APPLIANCES,0.4925197798558942,no_promo
2017-01-08,34,HOME APPLIANCES,0.6577521037520601,no_promo
2017-01-08,44,HOME APPLIANCES,2.1648080648429087,with_promo
2017-01-08,40,HOME APPLIANCES,0.9732453661220073,with_promo
2017-01-08,54,HOME APPLIANCES,1.004532017829912,with_promo
2017-01-08,5,HOME APPLIANCES,1.292906285972533,with_promo
2017-01-08,31,HOME APPLIANCES,1.3539827392565251,with_promo
2017-01-08,12,HOME APPLIANCES,1.0310481658200463,with_promo
2017-01-08,37,HOME APPLIANCES,1.2411844551015938,with_promo
2017-01-08,34,HOME APPLIANCES,1.4064167789977597,with_promo
2017-01-09,44,HOME APPLIANCES,1.7590328529570076,no_promo
2017-01-09,40,HOME APPLIANCES,0.18912220747873018,no_promo
2017-01-09,54,HOME APPLIANCES,0.10327545306204733,no_promo
2017-01-09,5,HOME APPLIANCES,0.4481900097369811,no_promo
2017-01-09,31,HOME APPLIANCES,0.48284096058413595,no_promo
2017-01-09,12,HOME APPLIANCES,0.1292645664881635,no_promo
2017-01-09,37,HOME APPLIANCES,0.3693356472597844,no_promo
2017-01-09,34,HOME APPLIANCES,0.6241839242991856,no_promo
2017-01-09,44,HOME APPLIANCES,2.6602422897665816,with_promo
2017-01-09,40,HOME APPLIANCES,1.0903316442883044,with_promo
2017-01-09,54,HOME APPLIANCES,1.0044848898716219,with_promo
2017-01-09,5,HOME APPLIANCES,1.3493994465465553,with_promo
2017-01-09,31,HOME APPLIANCES,1.3840503973937102,with_promo
2017-01-09,12,HOME APPLIANCES,1.0304740032977375,with_promo
2017-01-09,37,HOME APPLIANCES,1.2705450840693588,with_promo
2017-01-09,34,HOME APPLIANCES,1.52539336110876,with_promo
2017-01-10,44,HOME APPLIANCES,1.7391718948689188,no_promo
2017-01-10,40,HOME APPLIANCES,0.0959223437156107,no_promo
2017-01-10,54,HOME APPLIANCES,0.18967073181691063,no_promo
2017-01-10,5,HOME APPLIANCES,0.44050406368681033,no_promo
2017-01-10,31,HOME APPLIANCES,0.5043371250988411,no_promo
2017-01-10,12,HOME APPLIANCES,0.12577292414394386,no_promo
2017-01-10,37,HOME APPLIANCES,0.4517528748202224,no_promo
2017-01-10,34,HOME APPLIANCES,0.8238229406962326,no_promo
2017-01-10,44,HOME APPLIANCES,2.640381331678493,with_promo
2017-01-10,40,HOME APPLIANCES,0.997131780525185,with_promo
2017-01-10,54,HOME APPLIANCES,1.090880168626485,with_promo
2017-01-10,5,HOME APPLIANCES,1.3417135004963847,with_promo
2017-01-10,31,HOME APPLIANCES,1.4055465619084155,with_promo
2017-01-10,12,HOME APPLIANCES,1.0269823609535185,with_promo
2017-01-10,37,HOME APPLIANCES,1.3529623116297969,with_promo
2017-01-10,34,HOME APPLIANCES,1.7250323775058067,with_promo
2017-01-11,44,HOME APPLIANCES,1.938863383511872,no_promo
2017-01-11,40,HOME APPLIANCES,0.09196649766704194,no_promo
2017-01-11,54,HOME APPLIANCES,0.09620867268356202,no_promo
2017-01-11,5,HOME APPLIANCES,0.5529396316125036,no_promo
2017-01-11,31,HOME APPLIANCES,0.5314128722006,no_promo
2017-01-11,12,HOME APPLIANCES,0.12223533894102101,no_promo
2017-01-11,37,HOME APPLIANCES,0.44839916899835747,no_promo
2017-01-11,34,HOME APPLIANCES,0.5728221228712604,no_promo
2017-01-11,44,HOME APPLIANCES,2.8400728203214465,with_promo
2017-01-11,40,HOME APPLIANCES,0.9931759344766162,with_promo
2017-01-11,54,HOME APPLIANCES,0.9974181094931364,with_promo
2017-01-11,5,HOME APPLIANCES,1.454149068422078,with_promo
2017-01-11,31,HOME APPLIANCES,1.4326223090101746,with_promo
2017-01-11,12,HOME APPLIANCES,1.0234447757505953,with_promo
2017-01-11,37,HOME APPLIANCES,1.3496086058079317,with_promo
2017-01-11,34,HOME APPLIANCES,1.4740315596808347,with_promo
2017-01-12,44,HOME APPLIANCES,1.743351001571678,no_promo
2017-01-12,40,HOME APPLIANCES,0.08904266223299136,no_promo
2017-01-12,54,HOME APPLIANCES,0.09283549819861629,no_promo
2017-01-12,5,HOME APPLIANCES,0.4599165073435003,no_promo
2017-01-12,31,HOME APPLIANCES,0.460060244042778,no_promo
2017-01-12,12,HOME APPLIANCES,0.14922039649266958,no_promo
2017-01-12,37,HOME APPLIANCES,0.5057113803813511,no_promo
2017-01-12,34,HOME APPLIANCES,0.7190057053967265,no_promo
2017-01-12,44,HOME APPLIANCES,2.6445604383812524,with_promo
2017-01-12,40,HOME APPLIANCES,0.9902520990425657,with_promo
2017-01-12,54,HOME APPLIANCES,0.9940449350081907,with_promo
2017-01-12,5,HOME APPLIANCES,1.3611259441530748,with_promo
2017-01-12,31,HOME APPLIANCES,1.3612696808523523,with_promo
2017-01-12,12,HOME APPLIANCES,1.050429833302244,with_promo
2017-01-12,37,HOME APPLIANCES,1.4069208171909255,with_promo
2017-01-12,34,HOME APPLIANCES,1.620215142206301,with_promo
2017-01-13,44,HOME APPLIANCES,1.740707879371676,no_promo
2017-01-13,40,HOME APPLIANCES,0.14531702439224284,no_promo
2017-01-13,54,HOME APPLIANCES,0.26901023480023045,no_promo
2017-01-13,5,HOME APPLIANCES,0.6327700476337281,no_promo
2017-01-13,31,HOME APPLIANCES,0.636515979416854,no_promo
2017-01-13,12,HOME APPLIANCES,0.1456886270074912,no_promo
2017-01-13,37,HOME APPLIANCES,0.35148687588380967,no_promo
2017-01-13,34,HOME APPLIANCES,0.6515916665532192,no_promo
2017-01-13,44,HOME APPLIANCES,2.6419173161812504,with_promo
2017-01-13,40,HOME APPLIANCES,1.0465264612018172,with_promo
2017-01-13,54,HOME APPLIANCES,1.1702196716098046,with_promo
2017-01-13,5,HOME APPLIANCES,1.5339794844433023,with_promo
2017-01-13,31,HOME APPLIANCES,1.5377254162264284,with_promo
2017-01-13,12,HOME APPLIANCES,1.0468980638170655,with_promo
2017-01-13,37,HOME APPLIANCES,1.2526963126933839,with_promo
2017-01-13,34,HOME APPLIANCES,1.5528011033627935,with_promo
2017-01-14,44,HOME APPLIANCES,1.986026404797851,no_promo
2017-01-14,40,HOME APPLIANCES,0.28075995438063023,no_promo
2017-01-14,54,HOME APPLIANCES,0.25936394070530666,no_promo
2017-01-14,5,HOME APPLIANCES,1.012804024398538,no_promo
2017-01-14,31,HOME APPLIANCES,0.6270548596282068,no_promo
2017-01-14,12,HOME APPLIANCES,0.3161088282101636,no_promo
2017-01-14,37,HOME APPLIANCES,0.49577552188630697,no_promo
2017-01-14,34,HOME APPLIANCES,1.020778587587555,no_promo
2017-01-14,44,HOME APPLIANCES,2.7346910800435507,with_promo
2017-01-14,40,HOME APPLIANCES,1.0294246296263299,with_promo
2017-01-14,54,HOME APPLIANCES,1.0080286159510061,with_promo
2017-01-14,5,HOME APPLIANCES,1.7614686996442375,with_promo
2017-01-14,31,HOME APPLIANCES,1.3757195348739066,with_promo
2017-01-14,12,HOME APPLIANCES,1.064773503455863,with_promo
2017-01-14,37,HOME APPLIANCES,1.2444401971320063,with_promo
2017-01-14,34,HOME APPLIANCES,1.769443262833255,with_promo
2017-01-15,44,HOME APPLIANCES,2.270735508043375,no_promo
2017-01-15,40,HOME APPLIANCES,0.36684122337802966,no_promo
2017-01-15,54,HOME APPLIANCES,0.2821534270320994,no_promo
2017-01-15,5,HOME APPLIANCES,0.7392767475143258,no_promo
2017-01-15,31,HOME APPLIANCES,0.6233307878153026,no_promo
2017-01-15,12,HOME APPLIANCES,0.2824137070010617,no_promo
2017-01-15,37,HOME APPLIANCES,0.49261344761832626,no_promo
2017-01-15,34,HOME APPLIANCES,0.8071620027053535,no_promo
2017-01-15,44,HOME APPLIANCES,3.0194001832890747,with_promo
2017-01-15,40,HOME APPLIANCES,1.115505898623729,with_promo
2017-01-15,54,HOME APPLIANCES,1.0308181022777987,with_promo
2017-01-15,5,HOME APPLIANCES,1.4879414227600254,with_promo
2017-01-15,31,HOME APPLIANCES,1.371995463061002,with_promo
2017-01-15,12,HOME APPLIANCES,1.0310783822467613,with_promo
2017-01-15,37,HOME APPLIANCES,1.2412781228640255,with_promo
2017-01-15,34,HOME APPLIANCES,1.5558266779510528,with_promo
2017-01-16,44,HOME APPLIANCES,2.31363142851185,no_promo
2017-01-16,40,HOME APPLIANCES,0.15585973213600635,no_promo
2017-01-16,54,HOME APPLIANCES,0.12939922500775317,no_promo
2017-01-16,5,HOME APPLIANCES,0.5864306057994505,no_promo
2017-01-16,31,HOME APPLIANCES,0.5866831162171006,no_promo
2017-01-16,12,HOME APPLIANCES,0.12926973248588136,no_promo
2017-01-16,37,HOME APPLIANCES,0.42896791663661343,no_promo
2017-01-16,34,HOME APPLIANCES,0.8949693278393912,no_promo
2017-01-16,44,HOME APPLIANCES,3.2148408653214244,with_promo
2017-01-16,40,HOME APPLIANCES,1.0570691689455805,with_promo
2017-01-16,54,HOME APPLIANCES,1.0306086618173276,with_promo
2017-01-16,5,HOME APPLIANCES,1.487640042609025,with_promo
2017-01-16,31,HOME APPLIANCES,1.4878925530266747,with_promo
2017-01-16,12,HOME APPLIANCES,1.0304791692954556,with_promo
2017-01-16,37,HOME APPLIANCES,1.3301773534461878,with_promo
2017-01-16,34,HOME APPLIANCES,1.7961787646489658,with_promo
2017-01-17,44,HOME APPLIANCES,2.2352700502935714,no_promo
2017-01-17,40,HOME APPLIANCES,0.12236443698862194,no_promo
2017-01-17,54,HOME APPLIANCES,0.15640025664637527,no_promo
2017-01-17,5,HOME APPLIANCES,0.5566155298341731,no_promo
2017-01-17,31,HOME APPLIANCES,0.5235045736572095,no_promo
2017-01-17,12,HOME APPLIANCES,0.12586461985481662,no_promo
2017-01-17,37,HOME APPLIANCES,0.365804913179347,no_promo
2017-01-17,34,HOME APPLIANCES,1.000594225266278,no_promo
2017-01-17,44,HOME APPLIANCES,3.136479487103146,with_promo
2017-01-17,40,HOME APPLIANCES,1.0235738737981963,with_promo
2017-01-17,54,HOME APPLIANCES,1.0576096934559498,with_promo
2017-01-17,5,HOME APPLIANCES,1.4578249666437473,with_promo
2017-01-17,31,HOME APPLIANCES,1.4247140104667837,with_promo
2017-01-17,12,HOME APPLIANCES,1.0270740566643908,with_promo
2017-01-17,37,HOME APPLIANCES,1.2670143499889215,with_promo
2017-01-17,34,HOME APPLIANCES,1.9018036620758525,with_promo
2017-01-18,44,HOME APPLIANCES,2.3258972878088082,no_promo
2017-01-18,40,HOME APPLIANCES,0.11825651167538515,no_promo
2017-01-18,54,HOME APPLIANCES,0.12233293626390931,no_promo
2017-01-18,5,HOME APPLIANCES,0.5195585139963125,no_promo
2017-01-18,31,HOME APPLIANCES,0.7527699629802189,no_promo
2017-01-18,12,HOME APPLIANCES,0.09602138645833236,no_promo
2017-01-18,37,HOME APPLIANCES,0.33629965605293494,no_promo
2017-01-18,34,HOME APPLIANCES,0.7262308373952655,no_promo
2017-01-18,44,HOME APPLIANCES,3.2271067246183827,with_promo
2017-01-18,40,HOME APPLIANCES,1.0194659484849593,with_promo
2017-01-18,54,HOME APPLIANCES,1.0235423730734836,with_promo
2017-01-18,5,HOME APPLIANCES,1.4207679508058866,with_promo
2017-01-18,31,HOME APPLIANCES,1.6539793997897934,with_promo
2017-01-18,12,HOME APPLIANCES,0.9972308232679067,with_promo
2017-01-18,37,HOME APPLIANCES,1.2375090928625094,with_promo
2017-01-18,34,HOME APPLIANCES,1.6274402742048397,with_promo
2017-01-19,44,HOME APPLIANCES,1.9918295844900396,no_promo
2017-01-19,40,HOME APPLIANCES,0.11575477707783659,no_promo
2017-01-19,54,HOME APPLIANCES,0.11911381309519099,no_promo
2017-01-19,5,HOME APPLIANCES,0.5761555532886382,no_promo
2017-01-19,31,HOME APPLIANCES,0.538846408630067,no_promo
2017-01-19,12,HOME APPLIANCES,0.09250443048930891,no_promo
2017-01-19,37,HOME APPLIANCES,0.3066135928403803,no_promo
2017-01-19,34,HOME APPLIANCES,0.952306301298457,no_promo
2017-01-19,44,HOME APPLIANCES,2.8930390212996135,with_promo
2017-01-19,40,HOME APPLIANCES,1.016964213887411,with_promo
2017-01-19,54,HOME APPLIANCES,1.0203232499047652,with_promo
2017-01-19,5,HOME APPLIANCES,1.4773649900982124,with_promo
2017-01-19,31,HOME APPLIANCES,1.4400558454396415,with_promo
2017-01-19,12,HOME APPLIANCES,0.9937138672988833,with_promo
2017-01-19,37,HOME APPLIANCES,1.2078230296499548,with_promo
2017-01-19,34,HOME APPLIANCES,1.8535157381080314,with_promo
2017-01-20,44,HOME APPLIANCES,2.3439946443676645,no_promo
2017-01-20,40,HOME APPLIANCES,0.22781445205920237,no_promo
2017-01-20,54,HOME APPLIANCES,0.2288001770252718,no_promo
2017-01-20,5,HOME APPLIANCES,0.5126136768370577,no_promo
2017-01-20,31,HOME APPLIANCES,0.5961233371860561,no_promo
2017-01-20,12,HOME APPLIANCES,0.08921510629748056,no_promo
2017-01-20,37,HOME APPLIANCES,0.2726694987368713,no_promo
2017-01-20,34,HOME APPLIANCES,1.1508057655241548,no_promo
2017-01-20,44,HOME APPLIANCES,3.245204081177239,with_promo
2017-01-20,40,HOME APPLIANCES,1.129023888868777,with_promo
2017-01-20,54,HOME APPLIANCES,1.1300096138348463,with_promo
2017-01-20,5,HOME APPLIANCES,1.413823113646632,with_promo
2017-01-20,31,HOME APPLIANCES,1.4973327739956304,with_promo
2017-01-20,12,HOME APPLIANCES,0.990424543107055,with_promo
2017-01-20,37,HOME APPLIANCES,1.1738789355464458,with_promo
2017-01-20,34,HOME APPLIANCES,2.0520152023337292,with_promo
2017-01-21,44,HOME APPLIANCES,2.7207682863063676,no_promo
2017-01-21,40,HOME APPLIANCES,0.30661382729492836,no_promo
2017-01-21,54,HOME APPLIANCES,0.4544434000156719,no_promo
2017-01-21,5,HOME APPLIANCES,0.7481855026975383,no_promo
2017-01-21,31,HOME APPLIANCES,0.6794494841117951,no_promo
2017-01-21,12,HOME APPLIANCES,0.25950063527740624,no_promo
2017-01-21,37,HOME APPLIANCES,0.533172154746653,no_promo
2017-01-21,34,HOME APPLIANCES,1.0814663268639655,no_promo
2017-01-21,44,HOME APPLIANCES,3.469432961552067,with_promo
2017-01-21,40,HOME APPLIANCES,1.0552785025406282,with_promo
2017-01-21,54,HOME APPLIANCES,1.2031080752613716,with_promo
2017-01-21,5,HOME APPLIANCES,1.4968501779432382,with_promo
2017-01-21,31,HOME APPLIANCES,1.428114159357495,with_promo
2017-01-21,12,HOME APPLIANCES,1.0081653105231059,with_promo
2017-01-21,37,HOME APPLIANCES,1.2818368299923524,with_promo
2017-01-21,34,HOME APPLIANCES,1.830131002109665,with_promo
2017-01-22,44,HOME APPLIANCES,2.9773160078565146,no_promo
2017-01-22,40,HOME APPLIANCES,0.3599933364844791,no_promo
2017-01-22,54,HOME APPLIANCES,0.3609774387281811,no_promo
2017-01-22,5,HOME APPLIANCES,0.769696568460334,no_promo
2017-01-22,31,HOME APPLIANCES,0.7396452337005759,no_promo
2017-01-22,12,HOME APPLIANCES,0.2560873455169943,no_promo
2017-01-22,37,HOME APPLIANCES,0.4137377988365455,no_promo
2017-01-22,34,HOME APPLIANCES,1.0174388721226433,no_promo
2017-01-22,44,HOME APPLIANCES,3.725980683102214,with_promo
2017-01-22,40,HOME APPLIANCES,1.1086580117301787,with_promo
2017-01-22,54,HOME APPLIANCES,1.1096421139738806,with_promo
2017-01-22,5,HOME APPLIANCES,1.5183612437060336,with_promo
2017-01-22,31,HOME APPLIANCES,1.4883099089462752,with_promo
2017-01-22,12,HOME APPLIANCES,1.0047520207626937,with_promo
2017-01-22,37,HOME APPLIANCES,1.1624024740822452,with_promo
2017-01-22,34,HOME APPLIANCES,1.7661035473683429,with_promo
2017-01-23,44,HOME APPLIANCES,2.69652977218115,no_promo
2017-01-23,40,HOME APPLIANCES,0.17815048293580973,no_promo
2017-01-23,54,HOME APPLIANCES,0.2082315600530747,no_promo
2017-01-23,5,HOME APPLIANCES,0.5794460114186301,no_promo
2017-01-23,31,HOME APPLIANCES,0.5008169659294903,no_promo
2017-01-23,12,HOME APPLIANCES,0.0767010068187434,no_promo
2017-01-23,37,HOME APPLIANCES,0.2905744919920213,no_promo
2017-01-23,34,HOME APPLIANCES,1.1951297873780353,no_promo
2017-01-23,44,HOME APPLIANCES,3.5977392089907245,with_promo
2017-01-23,40,HOME APPLIANCES,1.079359919745384,with_promo
2017-01-23,54,HOME APPLIANCES,1.109440996862649,with_promo
2017-01-23,5,HOME APPLIANCES,1.4806554482282044,with_promo
2017-01-23,31,HOME APPLIANCES,1.4020264027390645,with_promo
2017-01-23,12,HOME APPLIANCES,0.9779104436283178,with_promo
2017-01-23,37,HOME APPLIANCES,1.1917839288015957,with_promo
2017-01-23,34,HOME APPLIANCES,2.0963392241876093,with_promo
2017-01-24,44,HOME APPLIANCES,2.2988250045987173,no_promo
2017-01-24,40,HOME APPLIANCES,0.1750898048721024,no_promo
2017-01-24,54,HOME APPLIANCES,0.20487952381515587,no_promo
2017-01-24,5,HOME APPLIANCES,0.7822518822087156,no_promo
2017-01-24,31,HOME APPLIANCES,0.6207230869365804,no_promo
2017-01-24,12,HOME APPLIANCES,0.07326480044160791,no_promo
2017-01-24,37,HOME APPLIANCES,0.2566635103086069,no_promo
2017-01-24,34,HOME APPLIANCES,0.9217323950529086,no_promo
2017-01-24,44,HOME APPLIANCES,3.2000344414082917,with_promo
2017-01-24,40,HOME APPLIANCES,1.076299241681677,with_promo
2017-01-24,54,HOME APPLIANCES,1.1060889606247302,with_promo
2017-01-24,5,HOME APPLIANCES,1.6834613190182903,with_promo
2017-01-24,31,HOME APPLIANCES,1.521932523746155,with_promo
2017-01-24,12,HOME APPLIANCES,0.9744742372511823,with_promo
2017-01-24,37,HOME APPLIANCES,1.1578729471181815,with_promo
2017-01-24,34,HOME APPLIANCES,1.822941831862483,with_promo
2017-01-25,44,HOME APPLIANCES,2.4418887721081974,no_promo
2017-01-25,40,HOME APPLIANCES,0.1711229268102778,no_promo
2017-01-25,54,HOME APPLIANCES,0.201184580049262,no_promo
2017-01-25,5,HOME APPLIANCES,0.594513686876019,no_promo
2017-01-25,31,HOME APPLIANCES,0.4456196005184729,no_promo
2017-01-25,12,HOME APPLIANCES,0.06973431217849123,no_promo
2017-01-25,37,HOME APPLIANCES,0.25350337065804357,no_promo
2017-01-25,34,HOME APPLIANCES,1.1275903653638726,no_promo
2017-01-25,44,HOME APPLIANCES,3.343098208917772,with_promo
2017-01-25,40,HOME APPLIANCES,1.0723323636198518,with_promo
2017-01-25,54,HOME APPLIANCES,1.1023940168588364,with_promo
2017-01-25,5,HOME APPLIANCES,1.4957231236855932,with_promo
2017-01-25,31,HOME APPLIANCES,1.3468290373280474,with_promo
2017-01-25,12,HOME APPLIANCES,0.9709437489880655,with_promo
2017-01-25,37,HOME APPLIANCES,1.1547128074676176,with_promo
2017-01-25,34,HOME APPLIANCES,2.0287998021734466,with_promo
2017-01-26,44,HOME APPLIANCES,2.4486013543010334,no_promo
2017-01-26,40,HOME APPLIANCES,0.2580304476668194,no_promo
2017-01-26,54,HOME APPLIANCES,0.3778352853056089,no_promo
2017-01-26,5,HOME APPLIANCES,0.6853733604226117,no_promo
2017-01-26,31,HOME APPLIANCES,0.3923709886257687,no_promo
2017-01-26,12,HOME APPLIANCES,0.09255496549214642,no_promo
2017-01-26,37,HOME APPLIANCES,0.22383948293492129,no_promo
2017-01-26,34,HOME APPLIANCES,1.0907683761957916,no_promo
2017-01-26,44,HOME APPLIANCES,3.349810791110608,with_promo
2017-01-26,40,HOME APPLIANCES,1.1592398844763938,with_promo
2017-01-26,54,HOME APPLIANCES,1.279044722115183,with_promo
2017-01-26,5,HOME APPLIANCES,1.586582797232186,with_promo
2017-01-26,31,HOME APPLIANCES,1.293580425435343,with_promo
2017-01-26,12,HOME APPLIANCES,0.9937644023017208,with_promo
2017-01-26,37,HOME APPLIANCES,1.1250489197444957,with_promo
2017-01-26,34,HOME APPLIANCES,1.991977813005366,with_promo
2017-01-27,44,HOME APPLIANCES,2.50267802176644,no_promo
2017-01-27,40,HOME APPLIANCES,0.1936875196803156,no_promo
2017-01-27,54,HOME APPLIANCES,0.2841817197844536,no_promo
2017-01-27,5,HOME APPLIANCES,0.6510335263776378,no_promo
2017-01-27,31,HOME APPLIANCES,0.2990605782875737,no_promo
2017-01-27,12,HOME APPLIANCES,0.11538863919942519,no_promo
2017-01-27,37,HOME APPLIANCES,0.31011515063817807,no_promo
2017-01-27,34,HOME APPLIANCES,0.9417610022278051,no_promo
2017-01-27,44,HOME APPLIANCES,3.4038874585760146,with_promo
2017-01-27,40,HOME APPLIANCES,1.0948969564898898,with_promo
2017-01-27,54,HOME APPLIANCES,1.185391156594028,with_promo
2017-01-27,5,HOME APPLIANCES,1.5522429631872123,with_promo
2017-01-27,31,HOME APPLIANCES,1.2002700150971481,with_promo
2017-01-27,12,HOME APPLIANCES,1.0165980760089997,with_promo
2017-01-27,37,HOME APPLIANCES,1.2113245874477525,with_promo
2017-01-27,34,HOME APPLIANCES,1.8429704390373796,with_promo
2017-01-28,44,HOME APPLIANCES,2.707630040696145,no_promo
2017-01-28,40,HOME APPLIANCES,0.47572599957853196,no_promo
2017-01-28,54,HOME APPLIANCES,0.39491266119751633,no_promo
2017-01-28,5,HOME APPLIANCES,0.8218473848468005,no_promo
2017-01-28,31,HOME APPLIANCES,0.44315887107090624,no_promo
2017-01-28,12,HOME APPLIANCES,0.2858256744299409,no_promo
2017-01-28,37,HOME APPLIANCES,0.44731432702029583,no_promo
2017-01-28,34,HOME APPLIANCES,1.0844293689845372,no_promo
2017-01-28,44,HOME APPLIANCES,3.4562947159418447,with_promo
2017-01-28,40,HOME APPLIANCES,1.2243906748242313,with_promo
2017-01-28,54,HOME APPLIANCES,1.143577336443216,with_promo
2017-01-28,5,HOME APPLIANCES,1.5705120600925002,with_promo
2017-01-28,31,HOME APPLIANCES,1.1918235463166056,with_promo
2017-01-28,12,HOME APPLIANCES,1.0344903496756408,with_promo
2017-01-28,37,HOME APPLIANCES,1.1959790022659953,with_promo
2017-01-28,34,HOME APPLIANCES,1.8330940442302368,with_promo
2017-01-29,44,HOME APPLIANCES,2.813668906614987,no_promo
2017-01-29,40,HOME APPLIANCES,0.3826277970531571,no_promo
2017-01-29,54,HOME APPLIANCES,0.3610401352334501,no_promo
2017-01-29,5,HOME APPLIANCES,0.964874254757958,no_promo
2017-01-29,31,HOME APPLIANCES,0.4699393578443114,no_promo
2017-01-29,12,HOME APPLIANCES,0.25605421755607816,no_promo
2017-01-29,37,HOME APPLIANCES,0.3875511027347228,no_promo
2017-01-29,34,HOME APPLIANCES,1.017419988339133,no_promo
2017-01-29,44,HOME APPLIANCES,3.5623335818606865,with_promo
2017-01-29,40,HOME APPLIANCES,1.1312924722988567,with_promo
2017-01-29,54,HOME APPLIANCES,1.1097048104791498,with_promo
2017-01-29,5,HOME APPLIANCES,1.7135389300036579,with_promo
2017-01-29,31,HOME APPLIANCES,1.2186040330900108,with_promo
2017-01-29,12,HOME APPLIANCES,1.0047188928017778,with_promo
2017-01-29,37,HOME APPLIANCES,1.1362157779804223,with_promo
2017-01-29,34,HOME APPLIANCES,1.7660846635848326,with_promo
2017-01-30,44,HOME APPLIANCES,2.4835102430953166,no_promo
2017-01-30,40,HOME APPLIANCES,0.17865285543271522,no_promo
2017-01-30,54,HOME APPLIANCES,0.29839942143666237,no_promo
2017-01-30,5,HOME APPLIANCES,0.6654053241308739,no_promo
2017-01-30,31,HOME APPLIANCES,0.2869874497256918,no_promo
2017-01-30,12,HOME APPLIANCES,0.12922951761298704,no_promo
2017-01-30,37,HOME APPLIANCES,0.32397933770567683,no_promo
2017-01-30,34,HOME APPLIANCES,1.0081628230540356,no_promo
2017-01-30,44,HOME APPLIANCES,3.384719679904891,with_promo
2017-01-30,40,HOME APPLIANCES,1.0798622922422898,with_promo
2017-01-30,54,HOME APPLIANCES,1.1996088582462368,with_promo
2017-01-30,5,HOME APPLIANCES,1.5666147609404484,with_promo
2017-01-30,31,HOME APPLIANCES,1.1881968865352661,with_promo
2017-01-30,12,HOME APPLIANCES,1.0304389544225612,with_promo
2017-01-30,37,HOME APPLIANCES,1.2251887745152512,with_promo
2017-01-30,34,HOME APPLIANCES,1.90937225986361,with_promo
2017-01-31,44,HOME APPLIANCES,2.332152737841156,no_promo
2017-01-31,40,HOME APPLIANCES,0.1748429987092763,no_promo
2017-01-31,54,HOME APPLIANCES,0.20484249553776204,no_promo
2017-01-31,5,HOME APPLIANCES,0.7225916353278667,no_promo
2017-01-31,31,HOME APPLIANCES,0.3436920487413214,no_promo
2017-01-31,12,HOME APPLIANCES,0.09952507700439833,no_promo
2017-01-31,37,HOME APPLIANCES,0.23029680406056088,no_promo
2017-01-31,34,HOME APPLIANCES,1.0671277452537993,no_promo
2017-01-31,44,HOME APPLIANCES,3.2333621746507304,with_promo
2017-01-31,40,HOME APPLIANCES,1.0760524355188505,with_promo
2017-01-31,54,HOME APPLIANCES,1.1060519323473366,with_promo
2017-01-31,5,HOME APPLIANCES,1.6238010721374412,with_promo
2017-01-31,31,HOME APPLIANCES,1.244901485550896,with_promo
2017-01-31,12,HOME APPLIANCES,1.0007345138139727,with_promo
2017-01-31,37,HOME APPLIANCES,1.1315062408701353,with_promo
2017-01-31,34,HOME APPLIANCES,1.9683371820633737,with_promo
